{
  "o": [123, 122.754, 122.508492, 123.059780214],
  "h": [123.492, 123.245016, 122.99852596800001, 123.552019334856],
  "l": [122.631, 122.385738, 122.140966524, 122.690600873358],
  "c": [122.8155, 122.56986900000001, 122.7902615316, 123.34281770849219],
  "v": [76, 55, 87, 92],
  "t": [1660314499200, 1660314585600, 1660314672000, 1660314758400],
  "s": "ok"
}
